タイムスタンプ,メールアドレス,氏名（カナ）,希望回,備考
2026/11/02 3:22:22,s8170@example.com,イシダ エマ,第2回,
2026/11/02 23:49:57,s8679@example.com,イシダ スズ,第2回,
2026/11/04 11:16:35,s1411@example.com,エンドウ ルカ,第1回,
2026/10/31 4:41:42,s9961@example.com,コバヤシ タクミ,第2回,
2026/11/02 20:32:36,s9480@example.com,スギタ シオン,第1回,
2026/11/05 22:02:01,s4570@example.com,セキ チヒロ,第1回,
2026/10/31 4:25:50,s5067@example.com,セキ ルカ,第1回,
2026/10/29 8:36:11,s7488@example.com,タカギ サク,第1回,
2026/10/31 3:07:54,s7217@example.com,タカギ ヒナタ,第1回,
2026/11/06 17:02:38,s7217@example.com,タカギ ヒナタ,第1回,キャンセルします
2026/10/26 17:57:00,unei01@example.com,テスト,第1回,送信テスト
2026/10/26 18:19:00,unei.check@example.com,テスト 2,第2回,動作確認
2026/11/09 12:51:03,S2388@example.com,ニシダ タクミ,第1回,第1回に変えたいです
2026/10/29 1:02:06,s2388@example.com,ニシダ タクミ,第2回,
2026/11/09 17:05:16,s7118@example.com,フジタ カイ,第1回,
2026/11/02 0:35:12,s6250@example.com,フジタ サク,第1回,
2026/11/03 4:52:32,s2931@example.com,フジタ ヒナタ,第1回,
2026/11/02 5:26:41,s4565@example.com,ホンダ キョウ,第2回,
2026/10/27 7:57:03,s5086@example.com,マツダ ミナト,第1回,
2026/11/05 3:58:27,s8700@example.com,ミヤケ ソラ,第2回,
2026/10/31 18:23:29,s2460@example.com,ミヤケ ヒナタ,第1回,
2026/11/01 18:27:32,s1657@example.com,モリ アオイ,第2回,
2026/10/31 2:04:33,s8541@example.com,ヤノ ソラ,第2回,
2026/11/07 2:39:01,s4439@example.com,ワダ アオイ,第1回,
2026/11/07 23:20:46,s4439@example.com ,ワダ アオイ,第1回,電話受付
