タイムスタンプ,メールアドレス,氏名（カナ）,備考
2026/11/01 17:43:00,unei.test@example.com,テスト,送信テスト
2026/11/02 0:07:40,s5058@example.com,タカギ ユイ,
2026/11/03 3:56:26,s6451@example.com,アオキ イツキ,
2026/11/04 7:34:30,s3183@example.com,タカギ タクミ,
2026/11/04 15:19:27,s4703@example.com,セキ カイ,
2026/11/05 9:38:18,s6250@example.com,チバ ツバサ,
2026/11/08 10:31:41,s8955@example.com,クボ マオ,
2026/11/09 13:31:41,S8955@EXAMPLE.COM,クボ マオ,念のためもう一度送ります
2026/11/10 22:52:29,s7415@example.com,ウエノ イツキ,
2026/11/10 23:30:23,s9632@example.com,エンドウ ソラ,
2026/11/11 17:03:41,s3252@example.com,エンドウ チヒロ,
