タイムスタンプ,メールアドレス,ニックネームを書いてください,日本で地震にあったことがありますか,知りたい防災の日本語をすべて選んでください
2026/09/30 17:05:00,cafe-staff@example.com,テスト,いいえ,"ニュースを聞き取る, 避難所の場所を聞く"
2026/09/30 17:09:00,cafe-staff@example.com,テスト,いいえ,"ニュースを聞き取る, 避難所の場所を聞く"
2026/10/02 06:06:00,u008@example.com,マイ,いいえ,"けがを伝える, ニュースを聞き取る"
2026/10/03 18:03:00,u007@example.com,サム,いいえ,119番に電話する
2026/10/03 20:28:00,u013@example.com,マイ,はい,"家族の無事を伝える, ニュースを聞き取る, 119番に電話する"
2026/10/03 23:16:00,u002@example.com,ビビ,いいえ,"けがを伝える, ニュースを聞き取る"
2026/10/04 11:05:00,u011@example.com,アン,いいえ,家族の無事を伝える
2026/10/04 14:56:00,u001@example.com,ケイ,いいえ,"避難所の場所を聞く, けがを伝える, 家族の無事を伝える"
2026/10/04 22:20:00,u009@example.com,アン,いいえ,"けがを伝える, 家族の無事を伝える"
2026/10/05 14:11:00,u006@example.com,カイ,いいえ,"家族の無事を伝える, ニュースを聞き取る, 119番に電話する"
2026/10/05 19:39:00,u004@example.com,ソラ,いいえ,"家族の無事を伝える, ニュースを聞き取る"
2026/10/05 21:27:00,u012@example.com,ミン,いいえ,ニュースを聞き取る
2026/10/05 23:07:00,u010@example.com,ララ,はい,"けがを伝える, 家族の無事を伝える, ニュースを聞き取る, 119番に電話する"
2026/10/07 16:42:00,u003@example.com,サム,いいえ,家族の無事を伝える
2026/10/07 20:41:00,u005@example.com,ミン,はい,"家族の無事を伝える, ニュースを聞き取る, 119番に電話する"
